{"cameraMode":{"drawMode":0,"name":"Shaded","section":"Shading Mode"},"sceneLighting":true,"audioPlay":false,"sceneViewState":{"m_AlwaysRefresh":false,"showFog":true,"showSkybox":true,"showFlares":true,"showImageEffects":true,"showParticleSystems":true,"showVisualEffectGraphs":true,"m_FxEnabled":true},"in2DMode":false,"pivot":{"x":52.745426177978519,"y":56.50137710571289,"z":7.400003433227539},"rotation":{"x":0.0042044902220368389,"y":0.012904360890388489,"z":-0.0006920300074853003,"w":1.000120997428894},"size":68.28272247314453,"orthographic":false}