{"cameraMode":{"drawMode":0,"name":"Shaded","section":"Shading Mode"},"sceneLighting":false,"audioPlay":false,"sceneViewState":{"m_AlwaysRefresh":false,"showFog":true,"showSkybox":false,"showFlares":true,"showImageEffects":true,"showParticleSystems":true,"showVisualEffectGraphs":true,"m_FxEnabled":true},"in2DMode":false,"pivot":{"x":7.717567443847656,"y":27.454801559448243,"z":-13.945724487304688},"rotation":{"x":-0.028482750058174135,"y":0.042874738574028018,"z":-0.0012097087455913425,"w":-0.9987320899963379},"size":80.6387710571289,"orthographic":false}