{"cameraMode":{"drawMode":0,"name":"Shaded","section":"Shading Mode"},"sceneLighting":false,"audioPlay":false,"sceneViewState":{"m_AlwaysRefresh":false,"showFog":true,"showSkybox":false,"showFlares":true,"showImageEffects":true,"showParticleSystems":true,"showVisualEffectGraphs":true,"m_FxEnabled":true},"in2DMode":false,"pivot":{"x":0.006267189979553223,"y":-3.079951286315918,"z":-0.3407939672470093},"rotation":{"x":-0.04230034351348877,"y":-0.0047941082157194618,"z":0.00018496056145522743,"w":-0.9991517663002014},"size":3.7899861335754396,"orthographic":false}